Current ID,Old ID
6715945,
6716356,
6716392,
6716394,
6716634,
6716809,6716634
6716813,
6717112,
6718076,6716392
6718166,6715945
6718173,6715687
6718288,6716356
6718523,6716394
6718575,
6719585,
6719679,
6719690,
6719698,
6719730,
6719816,
6720183,6719690
6720190,6720183
6720273,
6720410,
6720460,
6720481,
6720667,6716809
6720776,6720667
6720982,
6721028,
6721114,
6721288,
6721291,6720776
6721315,
6721324,
6721369,
6721478,
6721479,
6721527,6721494
6721540,
6721542,6721479
6721815,6719679
6722113,6721114
6722163,6722113
6722301,6721324
6723052,6720982
6723109,6723089
6723328,6723052
6723336,
6724261,
6724353,
6724540,
6724587,
6724727,
6724742,
6724960,
6724963,
6724967,
6725215,
6725227,
6725386,6724587
6725395,
6725398,
6725506,
6725507,
6725510,
6725687,
6725769,
6725771,6724261
6725838,
6725936,
6726001,
6726029,
6726032,
6726192,
6726197,
6726217,
6726282,
6726383,6726197
6726450,
6726485,
6726735,
6726804,6725687
6727112,
6727168,
6727201,
6727301,
6727382,
6727538,
6727614,
6727982,6727961
6728113,6727201
6728127,6728120
6728284,6725386
6728394,6724727
6728714,6724353
6728760,6724540
6729120,6724960
6729336,
6729377,6728284
6729406,
6729425,
6729427,6729336
6729463,6726485
6729472,
6729551,6724963
6729632,6729472
6730869,
6730908,
6730922,
6731081,
6731097,
6731162,6727982
6731258,6730908
6731291,
6731323,
6731338,6731258
6731339,
6731344,6726383
6731346,
6731385,
6731388,
6731540,6731344
6731886,6731338
6732676,6725215
6732900,6731540
6733258,
6733261,
6733263,
6733421,6731886
6733497,6729463
6733549,6731291
6733615,6731346
6733629,6731388
6733837,6732900
6734165,
6735635,
6735760,
6735811,
6735823,
6735849,6735811
6735881,6735849
6736040,6735823
6736149,
6736150,
6736484,
6736542,
6736567,
6736570,
6736575,
6736663,
6736694,6736484
6736746,
6736750,
6736752,
6736758,
6736799,
6736806,
6736822,6736806
6737407,
6738518,6735635
6738527,6738518
6738609,6735881
6738673,6736746
6738708,6736542
6738712,6738710
6738715,6730869
6738716,6738715
6738943,6736567
6738944,6738712
6739086,6736040
6739088,6736575
6739258,6736694
6739940,6738609
6740026,6739940
6740322,
6740337,
6740562,
6740574,
6740618,
6740639,
6740681,
6740713,6740562
6740714,
6740739,6740574
6740741,6740618
6740743,6740713
6740745,6740639
6740773,6740714
6740780,
6740786,6740745
6740793,6740780
6740810,
6740849,
6740869,
6740891,
6741446,
6741447,
6741448,6740869
6741466,6740786
6741476,
6741477,6740681
6741496,
6741501,
6741893,
6742235,
6742305,
6742409,6740773
6742589,6741466
6742698,6740743
6742812,6740810
6742835,6742812
6742864,6740849
6742915,6742864
6743031,6741448
6743061,
6743062,
6744170,
6744301,
6744316,
6744334,
6744346,
6744467,
6744509,
6744530,
6744538,
6744542,
6744544,6742589
6744684,
6744705,6744316
6745233,6744684
6745251,
6745887,
6745941,6744170
6745976,
6746025,
6746039,
6746111,
6746116,
6746339,
6746366,6746339
6747304,6744346
6747418,6744467
6747591,6745976
6747815,
6748970,
6749085,6748970
6749139,
6749152,
6749166,
6749250,
6749318,
6749395,6749139
6749400,
6749461,
6749468,
6749510,
6749516,
6749522,
6749708,
6749771,
6749894,
6750001,
6750031,
6750032,
6750035,
6750038,6750036
6750163,
6750368,
6750382,6750163
6750385,
6750395,6750368
6750400,
6750541,
6750730,
6750743,
6750797,
6750801,
6750898,
6750901,
6750966,
6750978,6750038
6750981,6750032
6750982,6750031
6751110,
6751306,6751305
6751415,6751414
6751634,6749510
6752018,
6752253,
6752448,
6752477,
6752549,
6752646,
6752711,6750797
6752811,6752705
6752813,
6752851,
6752864,
6752866,
6753082,6749395
6753139,6749250
6753199,6749318
6753318,6749468
6753324,6749085
6753329,
6753497,6751634
6753498,6749152
6753642,6749522
6753644,6749516
6753794,6753324
6753796,6750395
6753876,6750001
6753983,6749400
6754301,6753983
6754939,
6755083,
6755376,
6755710,6752711
6755739,
6755788,6755710
6755907,6750743
6755953,
6756410,
6756435,
6756521,6756435
6756588,
6756634,
6756724,
6756983,
6757022,
6757796,6755376
6757805,6757796
6757810,6756410
6757825,6756521
6757955,6756634
6757965,6755788
6758010,6756724
6758820,6754301
6758822,6757805
6760210,6758822
6760720,
6760722,
6760771,
6760893,
6760898,
6760972,
6761005,
6761006,6755953
6761010,
6761011,
6761052,
6761227,
6761233,
6761265,
6761287,
6761307,
6761326,
6761328,
6761334,
6761477,
6761499,
6761517,
6761522,
6761565,
6761573,6761307
6762303,
6762310,6761565
6762568,6761477
6762718,6761573
6762793,6760893
6762853,6760898
6762953,6760972
6762984,6760771
6763256,6761011
6763328,6761334
6763341,6760720
6763366,6761328
6763372,6760722
6763373,6763372
6763471,6762984
6763554,6763328
6763555,6763341
6763556,6763555
6763569,6763373
6763570,6763556
6764307,
6764414,
6764421,
6764424,6762718
6764534,
6764536,
6764537,6763366
6764647,
6764653,
6764665,6764652
6764668,
6764740,
6764997,
6765076,
6765093,
6765115,
6765280,
6765292,
6765293,
6765294,
6765295,
6765417,
6765474,6764536
6765475,6765417
6765476,
6765516,
6765518,
6765677,
6765812,
6765825,6761010
6765857,6765475
6765907,6765677
6766701,6765476
6766710,6764997
6766784,6765857
6767183,6765474
6767285,6764653
6767337,6765093
6768203,6765812
6768290,6768203
6768650,
6768652,
6768676,
6768975,
6768987,
6769002,
6769147,
6769157,
6769270,
6769340,
6769380,
6769384,
6769386,
6769396,
6769419,
6769425,
6769460,
6769464,
6769465,
6769468,6769456
6769837,
6769842,6765518
6769883,6769842
6769884,6769396
6770025,
6770506,6769837
6771100,6769147
6771104,6769157
6771114,6770506
6771125,6769883
6771169,6771125
6771176,6771169
6771213,6771176
6771389,6769384
6771442,6769464
6771523,6769425
6771580,6768987
6772816,6769674
6772851,6771442
6772852,
6772960,
6773011,
6773099,
6773106,
6773356,
6773589,
6773591,
6773616,
6773637,
6773661,
6773662,
6774201,
6774531,
6774600,6774201
6774650,6774626
6774757,
6774824,
6774864,
6774951,
6775117,
6775118,
6775297,
6775318,
6775444,
6775473,
6775524,
6775629,
6775638,
6775714,
6775776,
6775790,
6775803,
6775806,
6775822,
6775829,
6775832,
